"","Survived","Pclass","Sex","Age","SibSp","Parch","Fare","Embarked","Title","FsizeD"
"1",0,"3","male",22,1,0,7.25,"S","Mr","small"
"2",1,"1","female",38,1,0,71.2833,"C","Mrs","small"
"3",1,"3","female",26,0,0,7.925,"S","Miss","singleton"
"4",1,"1","female",35,1,0,53.1,"S","Mrs","small"
"5",0,"3","male",35,0,0,8.05,"S","Mr","singleton"
"6",0,"3","male",32,0,0,8.4583,"Q","Mr","singleton"
"7",0,"1","male",54,0,0,51.8625,"S","Mr","singleton"
"8",0,"3","male",2,3,1,21.075,"S","Master","large"
"9",1,"3","female",27,0,2,11.1333,"S","Mrs","small"
"10",1,"2","female",14,1,0,30.0708,"C","Mrs","small"
"11",1,"3","female",4,1,1,16.7,"S","Miss","small"
"12",1,"1","female",58,0,0,26.55,"S","Miss","singleton"
"13",0,"3","male",20,0,0,8.05,"S","Mr","singleton"
"14",0,"3","male",39,1,5,31.275,"S","Mr","large"
"15",0,"3","female",14,0,0,7.8542,"S","Miss","singleton"
"16",1,"2","female",55,0,0,16,"S","Mrs","singleton"
"17",0,"3","male",2,4,1,29.125,"Q","Master","large"
"18",1,"2","male",28,0,0,13,"S","Mr","singleton"
"19",0,"3","female",31,1,0,18,"S","Mrs","small"
"20",1,"3","female",38,0,0,7.225,"C","Mrs","singleton"
"21",0,"2","male",35,0,0,26,"S","Mr","singleton"
"22",1,"2","male",34,0,0,13,"S","Mr","singleton"
"23",1,"3","female",15,0,0,8.0292,"Q","Miss","singleton"
"24",1,"1","male",28,0,0,35.5,"S","Mr","singleton"
"25",0,"3","female",8,3,1,21.075,"S","Miss","large"
"26",1,"3","female",38,1,5,31.3875,"S","Mrs","large"
"27",0,"3","male",21,0,0,7.225,"C","Mr","singleton"
"28",0,"1","male",19,3,2,263,"S","Mr","large"
"29",1,"3","female",30,0,0,7.8792,"Q","Miss","singleton"
"30",0,"3","male",25,0,0,7.8958,"S","Mr","singleton"
"31",0,"1","male",40,0,0,27.7208,"C","Rare Title","singleton"
"32",1,"1","female",52,1,0,146.5208,"C","Mrs","small"
"33",1,"3","female",17,0,0,7.75,"Q","Miss","singleton"
"34",0,"2","male",66,0,0,10.5,"S","Mr","singleton"
"35",0,"1","male",28,1,0,82.1708,"C","Mr","small"
"36",0,"1","male",42,1,0,52,"S","Mr","small"
"37",1,"3","male",20.5,0,0,7.2292,"C","Mr","singleton"
"38",0,"3","male",21,0,0,8.05,"S","Mr","singleton"
"39",0,"3","female",18,2,0,18,"S","Miss","small"
"40",1,"3","female",14,1,0,11.2417,"C","Miss","small"
"41",0,"3","female",40,1,0,9.475,"S","Mrs","small"
"42",0,"2","female",27,1,0,21,"S","Mrs","small"
"43",0,"3","male",32,0,0,7.8958,"C","Mr","singleton"
"44",1,"2","female",3,1,2,41.5792,"C","Miss","small"
"45",1,"3","female",19,0,0,7.8792,"Q","Miss","singleton"
"46",0,"3","male",19,0,0,8.05,"S","Mr","singleton"
"47",0,"3","male",33,1,0,15.5,"Q","Mr","small"
"48",1,"3","female",35,0,0,7.75,"Q","Miss","singleton"
"49",0,"3","male",26,2,0,21.6792,"C","Mr","small"
"50",0,"3","female",18,1,0,17.8,"S","Mrs","small"
"51",0,"3","male",7,4,1,39.6875,"S","Master","large"
"52",0,"3","male",21,0,0,7.8,"S","Mr","singleton"
"53",1,"1","female",49,1,0,76.7292,"C","Mrs","small"
"54",1,"2","female",29,1,0,26,"S","Mrs","small"
"55",0,"1","male",65,0,1,61.9792,"C","Mr","small"
"56",1,"1","male",55,0,0,35.5,"S","Mr","singleton"
"57",1,"2","female",21,0,0,10.5,"S","Miss","singleton"
"58",0,"3","male",28.5,0,0,7.2292,"C","Mr","singleton"
"59",1,"2","female",5,1,2,27.75,"S","Miss","small"
"60",0,"3","male",11,5,2,46.9,"S","Master","large"
"61",0,"3","male",22,0,0,7.2292,"C","Mr","singleton"
"62",1,"1","female",38,0,0,80,"C","Miss","singleton"
"63",0,"1","male",45,1,0,83.475,"S","Mr","small"
"64",0,"3","male",4,3,2,27.9,"S","Master","large"
"65",0,"1","male",48,0,0,27.7208,"C","Mr","singleton"
"66",1,"3","male",12,1,1,15.2458,"C","Master","small"
"67",1,"2","female",29,0,0,10.5,"S","Mrs","singleton"
"68",0,"3","male",19,0,0,8.1583,"S","Mr","singleton"
"69",1,"3","female",17,4,2,7.925,"S","Miss","large"
"70",0,"3","male",26,2,0,8.6625,"S","Mr","small"
"71",0,"2","male",32,0,0,10.5,"S","Mr","singleton"
"72",0,"3","female",16,5,2,46.9,"S","Miss","large"
"73",0,"2","male",21,0,0,73.5,"S","Mr","singleton"
"74",0,"3","male",26,1,0,14.4542,"C","Mr","small"
"75",1,"3","male",32,0,0,56.4958,"S","Mr","singleton"
"76",0,"3","male",25,0,0,7.65,"S","Mr","singleton"
"77",0,"3","male",32,0,0,7.8958,"S","Mr","singleton"
"78",0,"3","male",33,0,0,8.05,"S","Mr","singleton"
"79",1,"2","male",0.83,0,2,29,"S","Master","small"
"80",1,"3","female",30,0,0,12.475,"S","Miss","singleton"
"81",0,"3","male",22,0,0,9,"S","Mr","singleton"
"82",1,"3","male",29,0,0,9.5,"S","Mr","singleton"
"83",1,"3","female",16,0,0,7.7875,"Q","Miss","singleton"
"84",0,"1","male",28,0,0,47.1,"S","Mr","singleton"
"85",1,"2","female",17,0,0,10.5,"S","Miss","singleton"
"86",1,"3","female",33,3,0,15.85,"S","Mrs","small"
"87",0,"3","male",16,1,3,34.375,"S","Mr","large"
"88",0,"3","male",14,0,0,8.05,"S","Mr","singleton"
"89",1,"1","female",23,3,2,263,"S","Miss","large"
"90",0,"3","male",24,0,0,8.05,"S","Mr","singleton"
"91",0,"3","male",29,0,0,8.05,"S","Mr","singleton"
"92",0,"3","male",20,0,0,7.8542,"S","Mr","singleton"
"93",0,"1","male",46,1,0,61.175,"S","Mr","small"
"94",0,"3","male",26,1,2,20.575,"S","Mr","small"
"95",0,"3","male",59,0,0,7.25,"S","Mr","singleton"
"96",0,"3","male",20,0,0,8.05,"S","Mr","singleton"
"97",0,"1","male",71,0,0,34.6542,"C","Mr","singleton"
"98",1,"1","male",23,0,1,63.3583,"C","Mr","small"
"99",1,"2","female",34,0,1,23,"S","Mrs","small"
"100",0,"2","male",34,1,0,26,"S","Mr","small"
"101",0,"3","female",28,0,0,7.8958,"S","Miss","singleton"
"102",0,"3","male",74,0,0,7.8958,"S","Mr","singleton"
"103",0,"1","male",21,0,1,77.2875,"S","Mr","small"
"104",0,"3","male",33,0,0,8.6542,"S","Mr","singleton"
"105",0,"3","male",37,2,0,7.925,"S","Mr","small"
"106",0,"3","male",28,0,0,7.8958,"S","Mr","singleton"
"107",1,"3","female",21,0,0,7.65,"S","Miss","singleton"
"108",1,"3","male",22,0,0,7.775,"S","Mr","singleton"
"109",0,"3","male",38,0,0,7.8958,"S","Mr","singleton"
"110",1,"3","female",27,1,0,24.15,"Q","Miss","small"
"111",0,"1","male",47,0,0,52,"S","Mr","singleton"
"112",0,"3","female",14.5,1,0,14.4542,"C","Miss","small"
"113",0,"3","male",22,0,0,8.05,"S","Mr","singleton"
"114",0,"3","female",20,1,0,9.825,"S","Miss","small"
"115",0,"3","female",17,0,0,14.4583,"C","Miss","singleton"
"116",0,"3","male",21,0,0,7.925,"S","Mr","singleton"
"117",0,"3","male",70.5,0,0,7.75,"Q","Mr","singleton"
"118",0,"2","male",29,1,0,21,"S","Mr","small"
"119",0,"1","male",24,0,1,247.5208,"C","Mr","small"
"120",0,"3","female",2,4,2,31.275,"S","Miss","large"
"121",0,"2","male",21,2,0,73.5,"S","Mr","small"
"122",0,"3","male",50,0,0,8.05,"S","Mr","singleton"
"123",0,"2","male",32.5,1,0,30.0708,"C","Mr","small"
"124",1,"2","female",32.5,0,0,13,"S","Miss","singleton"
"125",0,"1","male",54,0,1,77.2875,"S","Mr","small"
"126",1,"3","male",12,1,0,11.2417,"C","Master","small"
"127",0,"3","male",38,0,0,7.75,"Q","Mr","singleton"
"128",1,"3","male",24,0,0,7.1417,"S","Mr","singleton"
"129",1,"3","female",2,1,1,22.3583,"C","Miss","small"
"130",0,"3","male",45,0,0,6.975,"S","Mr","singleton"
"131",0,"3","male",33,0,0,7.8958,"C","Mr","singleton"
"132",0,"3","male",20,0,0,7.05,"S","Mr","singleton"
"133",0,"3","female",47,1,0,14.5,"S","Mrs","small"
"134",1,"2","female",29,1,0,26,"S","Mrs","small"
"135",0,"2","male",25,0,0,13,"S","Mr","singleton"
"136",0,"2","male",23,0,0,15.0458,"C","Mr","singleton"
"137",1,"1","female",19,0,2,26.2833,"S","Miss","small"
"138",0,"1","male",37,1,0,53.1,"S","Mr","small"
"139",0,"3","male",16,0,0,9.2167,"S","Mr","singleton"
"140",0,"1","male",24,0,0,79.2,"C","Mr","singleton"
"141",0,"3","female",28,0,2,15.2458,"C","Mrs","small"
"142",1,"3","female",22,0,0,7.75,"S","Miss","singleton"
"143",1,"3","female",24,1,0,15.85,"S","Mrs","small"
"144",0,"3","male",19,0,0,6.75,"Q","Mr","singleton"
"145",0,"2","male",18,0,0,11.5,"S","Mr","singleton"
"146",0,"2","male",19,1,1,36.75,"S","Mr","small"
"147",1,"3","male",27,0,0,7.7958,"S","Mr","singleton"
"148",0,"3","female",9,2,2,34.375,"S","Miss","large"
"149",0,"2","male",36.5,0,2,26,"S","Mr","small"
"150",0,"2","male",42,0,0,13,"S","Rare Title","singleton"
"151",0,"2","male",51,0,0,12.525,"S","Rare Title","singleton"
"152",1,"1","female",22,1,0,66.6,"S","Mrs","small"
"153",0,"3","male",55.5,0,0,8.05,"S","Mr","singleton"
"154",0,"3","male",40.5,0,2,14.5,"S","Mr","small"
"155",0,"3","male",19,0,0,7.3125,"S","Mr","singleton"
"156",0,"1","male",51,0,1,61.3792,"C","Mr","small"
"157",1,"3","female",16,0,0,7.7333,"Q","Miss","singleton"
"158",0,"3","male",30,0,0,8.05,"S","Mr","singleton"
"159",0,"3","male",20,0,0,8.6625,"S","Mr","singleton"
"160",0,"3","male",4,8,2,69.55,"S","Master","large"
"161",0,"3","male",44,0,1,16.1,"S","Mr","small"
"162",1,"2","female",40,0,0,15.75,"S","Mrs","singleton"
"163",0,"3","male",26,0,0,7.775,"S","Mr","singleton"
"164",0,"3","male",17,0,0,8.6625,"S","Mr","singleton"
"165",0,"3","male",1,4,1,39.6875,"S","Master","large"
"166",1,"3","male",9,0,2,20.525,"S","Master","small"
"167",1,"1","female",25,0,1,55,"S","Mrs","small"
"168",0,"3","female",45,1,4,27.9,"S","Mrs","large"
"169",0,"1","male",42,0,0,25.925,"S","Mr","singleton"
"170",0,"3","male",28,0,0,56.4958,"S","Mr","singleton"
"171",0,"1","male",61,0,0,33.5,"S","Mr","singleton"
"172",0,"3","male",4,4,1,29.125,"Q","Master","large"
"173",1,"3","female",1,1,1,11.1333,"S","Miss","small"
"174",0,"3","male",21,0,0,7.925,"S","Mr","singleton"
"175",0,"1","male",56,0,0,30.6958,"C","Mr","singleton"
"176",0,"3","male",18,1,1,7.8542,"S","Mr","small"
"177",0,"3","male",2,3,1,25.4667,"S","Master","large"
"178",0,"1","female",50,0,0,28.7125,"C","Miss","singleton"
"179",0,"2","male",30,0,0,13,"S","Mr","singleton"
"180",0,"3","male",36,0,0,0,"S","Mr","singleton"
"181",0,"3","female",9,8,2,69.55,"S","Miss","large"
"182",0,"2","male",23,0,0,15.05,"C","Mr","singleton"
"183",0,"3","male",9,4,2,31.3875,"S","Master","large"
"184",1,"2","male",1,2,1,39,"S","Master","small"
"185",1,"3","female",4,0,2,22.025,"S","Miss","small"
"186",0,"1","male",24,0,0,50,"S","Mr","singleton"
"187",1,"3","female",24,1,0,15.5,"Q","Mrs","small"
"188",1,"1","male",45,0,0,26.55,"S","Mr","singleton"
"189",0,"3","male",40,1,1,15.5,"Q","Mr","small"
"190",0,"3","male",36,0,0,7.8958,"S","Mr","singleton"
"191",1,"2","female",32,0,0,13,"S","Mrs","singleton"
"192",0,"2","male",19,0,0,13,"S","Mr","singleton"
"193",1,"3","female",19,1,0,7.8542,"S","Miss","small"
"194",1,"2","male",3,1,1,26,"S","Master","small"
"195",1,"1","female",44,0,0,27.7208,"C","Mrs","singleton"
"196",1,"1","female",58,0,0,146.5208,"C","Miss","singleton"
"197",0,"3","male",21,0,0,7.75,"Q","Mr","singleton"
"198",0,"3","male",42,0,1,8.4042,"S","Mr","small"
"199",1,"3","female",30,0,0,7.75,"Q","Miss","singleton"
"200",0,"2","female",24,0,0,13,"S","Miss","singleton"
"201",0,"3","male",28,0,0,9.5,"S","Mr","singleton"
"202",0,"3","male",14,8,2,69.55,"S","Mr","large"
"203",0,"3","male",34,0,0,6.4958,"S","Mr","singleton"
"204",0,"3","male",45.5,0,0,7.225,"C","Mr","singleton"
"205",1,"3","male",18,0,0,8.05,"S","Mr","singleton"
"206",0,"3","female",2,0,1,10.4625,"S","Miss","small"
"207",0,"3","male",32,1,0,15.85,"S","Mr","small"
"208",1,"3","male",26,0,0,18.7875,"C","Mr","singleton"
"209",1,"3","female",16,0,0,7.75,"Q","Miss","singleton"
"210",1,"1","male",40,0,0,31,"C","Mr","singleton"
"211",0,"3","male",24,0,0,7.05,"S","Mr","singleton"
"212",1,"2","female",35,0,0,21,"S","Miss","singleton"
"213",0,"3","male",22,0,0,7.25,"S","Mr","singleton"
"214",0,"2","male",30,0,0,13,"S","Mr","singleton"
"215",0,"3","male",21,1,0,7.75,"Q","Mr","small"
"216",1,"1","female",31,1,0,113.275,"C","Miss","small"
"217",1,"3","female",27,0,0,7.925,"S","Miss","singleton"
"218",0,"2","male",42,1,0,27,"S","Mr","small"
"219",1,"1","female",32,0,0,76.2917,"C","Miss","singleton"
"220",0,"2","male",30,0,0,10.5,"S","Mr","singleton"
"221",1,"3","male",16,0,0,8.05,"S","Mr","singleton"
"222",0,"2","male",27,0,0,13,"S","Mr","singleton"
"223",0,"3","male",51,0,0,8.05,"S","Mr","singleton"
"224",0,"3","male",35,0,0,7.8958,"S","Mr","singleton"
"225",1,"1","male",38,1,0,90,"S","Mr","small"
"226",0,"3","male",22,0,0,9.35,"S","Mr","singleton"
"227",1,"2","male",19,0,0,10.5,"S","Mr","singleton"
"228",0,"3","male",20.5,0,0,7.25,"S","Mr","singleton"
"229",0,"2","male",18,0,0,13,"S","Mr","singleton"
"230",0,"3","female",2,3,1,25.4667,"S","Miss","large"
"231",1,"1","female",35,1,0,83.475,"S","Mrs","small"
"232",0,"3","male",29,0,0,7.775,"S","Mr","singleton"
"233",0,"2","male",59,0,0,13.5,"S","Mr","singleton"
"234",1,"3","female",5,4,2,31.3875,"S","Miss","large"
"235",0,"2","male",24,0,0,10.5,"S","Mr","singleton"
"236",0,"3","female",15,0,0,7.55,"S","Miss","singleton"
"237",0,"2","male",44,1,0,26,"S","Mr","small"
"238",1,"2","female",8,0,2,26.25,"S","Miss","small"
"239",0,"2","male",19,0,0,10.5,"S","Mr","singleton"
"240",0,"2","male",33,0,0,12.275,"S","Mr","singleton"
"241",0,"3","female",4,1,0,14.4542,"C","Miss","small"
"242",1,"3","female",14.5,1,0,15.5,"Q","Miss","small"
"243",0,"2","male",29,0,0,10.5,"S","Mr","singleton"
"244",0,"3","male",22,0,0,7.125,"S","Mr","singleton"
"245",0,"3","male",30,0,0,7.225,"C","Mr","singleton"
"246",0,"1","male",44,2,0,90,"Q","Rare Title","small"
"247",0,"3","female",25,0,0,7.775,"S","Miss","singleton"
"248",1,"2","female",24,0,2,14.5,"S","Mrs","small"
"249",1,"1","male",37,1,1,52.5542,"S","Mr","small"
"250",0,"2","male",54,1,0,26,"S","Rare Title","small"
"251",0,"3","male",20,0,0,7.25,"S","Mr","singleton"
"252",0,"3","female",29,1,1,10.4625,"S","Mrs","small"
"253",0,"1","male",62,0,0,26.55,"S","Mr","singleton"
"254",0,"3","male",30,1,0,16.1,"S","Mr","small"
"255",0,"3","female",41,0,2,20.2125,"S","Mrs","small"
"256",1,"3","female",29,0,2,15.2458,"C","Mrs","small"
"257",1,"1","female",60,0,0,79.2,"C","Mrs","singleton"
"258",1,"1","female",30,0,0,86.5,"S","Miss","singleton"
"259",1,"1","female",35,0,0,512.3292,"C","Miss","singleton"
"260",1,"2","female",50,0,1,26,"S","Mrs","small"
"261",0,"3","male",20,0,0,7.75,"Q","Mr","singleton"
"262",1,"3","male",3,4,2,31.3875,"S","Master","large"
"263",0,"1","male",52,1,1,79.65,"S","Mr","small"
"264",0,"1","male",40,0,0,0,"S","Mr","singleton"
"265",0,"3","female",37,0,0,7.75,"Q","Miss","singleton"
"266",0,"2","male",36,0,0,10.5,"S","Mr","singleton"
"267",0,"3","male",16,4,1,39.6875,"S","Mr","large"
"268",1,"3","male",25,1,0,7.775,"S","Mr","small"
"269",1,"1","female",58,0,1,153.4625,"S","Mrs","small"
"270",1,"1","female",35,0,0,135.6333,"S","Miss","singleton"
"271",0,"1","male",27,0,0,31,"S","Mr","singleton"
"272",1,"3","male",25,0,0,0,"S","Mr","singleton"
"273",1,"2","female",41,0,1,19.5,"S","Mrs","small"
"274",0,"1","male",37,0,1,29.7,"C","Mr","small"
"275",1,"3","female",21,0,0,7.75,"Q","Miss","singleton"
"276",1,"1","female",63,1,0,77.9583,"S","Miss","small"
"277",0,"3","female",45,0,0,7.75,"S","Miss","singleton"
"278",0,"2","male",22,0,0,0,"S","Mr","singleton"
"279",0,"3","male",7,4,1,29.125,"Q","Master","large"
"280",1,"3","female",35,1,1,20.25,"S","Mrs","small"
"281",0,"3","male",65,0,0,7.75,"Q","Mr","singleton"
"282",0,"3","male",28,0,0,7.8542,"S","Mr","singleton"
"283",0,"3","male",16,0,0,9.5,"S","Mr","singleton"
"284",1,"3","male",19,0,0,8.05,"S","Mr","singleton"
"285",0,"1","male",47,0,0,26,"S","Mr","singleton"
"286",0,"3","male",33,0,0,8.6625,"C","Mr","singleton"
"287",1,"3","male",30,0,0,9.5,"S","Mr","singleton"
"288",0,"3","male",22,0,0,7.8958,"S","Mr","singleton"
"289",1,"2","male",42,0,0,13,"S","Mr","singleton"
"290",1,"3","female",22,0,0,7.75,"Q","Miss","singleton"
"291",1,"1","female",26,0,0,78.85,"S","Miss","singleton"
"292",1,"1","female",19,1,0,91.0792,"C","Mrs","small"
"293",0,"2","male",36,0,0,12.875,"C","Mr","singleton"
"294",0,"3","female",24,0,0,8.85,"S","Miss","singleton"
"295",0,"3","male",24,0,0,7.8958,"S","Mr","singleton"
"296",0,"1","male",30,0,0,27.7208,"C","Mr","singleton"
"297",0,"3","male",23.5,0,0,7.2292,"C","Mr","singleton"
"298",0,"1","female",2,1,2,151.55,"S","Miss","small"
"299",1,"1","male",47,0,0,30.5,"S","Mr","singleton"
"300",1,"1","female",50,0,1,247.5208,"C","Mrs","small"
"301",1,"3","female",16,0,0,7.75,"Q","Miss","singleton"
"302",1,"3","male",26,2,0,23.25,"Q","Mr","small"
"303",0,"3","male",19,0,0,0,"S","Mr","singleton"
"304",1,"2","female",19,0,0,12.35,"Q","Miss","singleton"
"305",0,"3","male",27,0,0,8.05,"S","Mr","singleton"
"306",1,"1","male",0.92,1,2,151.55,"S","Master","small"
"307",1,"1","female",32,0,0,110.8833,"C","Miss","singleton"
"308",1,"1","female",17,1,0,108.9,"C","Mrs","small"
"309",0,"2","male",30,1,0,24,"C","Mr","small"
"310",1,"1","female",30,0,0,56.9292,"C","Miss","singleton"
"311",1,"1","female",24,0,0,83.1583,"C","Miss","singleton"
"312",1,"1","female",18,2,2,262.375,"C","Miss","large"
"313",0,"2","female",26,1,1,26,"S","Mrs","small"
"314",0,"3","male",28,0,0,7.8958,"S","Mr","singleton"
"315",0,"2","male",43,1,1,26.25,"S","Mr","small"
"316",1,"3","female",26,0,0,7.8542,"S","Miss","singleton"
"317",1,"2","female",24,1,0,26,"S","Mrs","small"
"318",0,"2","male",54,0,0,14,"S","Rare Title","singleton"
"319",1,"1","female",31,0,2,164.8667,"S","Miss","small"
"320",1,"1","female",40,1,1,134.5,"C","Mrs","small"
"321",0,"3","male",22,0,0,7.25,"S","Mr","singleton"
"322",0,"3","male",27,0,0,7.8958,"S","Mr","singleton"
"323",1,"2","female",30,0,0,12.35,"Q","Miss","singleton"
"324",1,"2","female",22,1,1,29,"S","Mrs","small"
"325",0,"3","male",25,8,2,69.55,"S","Mr","large"
"326",1,"1","female",36,0,0,135.6333,"C","Miss","singleton"
"327",0,"3","male",61,0,0,6.2375,"S","Mr","singleton"
"328",1,"2","female",36,0,0,13,"S","Mrs","singleton"
"329",1,"3","female",31,1,1,20.525,"S","Mrs","small"
"330",1,"1","female",16,0,1,57.9792,"C","Miss","small"
"331",1,"3","female",27,2,0,23.25,"Q","Miss","small"
"332",0,"1","male",45.5,0,0,28.5,"S","Mr","singleton"
"333",0,"1","male",38,0,1,153.4625,"S","Mr","small"
"334",0,"3","male",16,2,0,18,"S","Mr","small"
"335",1,"1","female",49,1,0,133.65,"S","Mrs","small"
"336",0,"3","male",41,0,0,7.8958,"S","Mr","singleton"
"337",0,"1","male",29,1,0,66.6,"S","Mr","small"
"338",1,"1","female",41,0,0,134.5,"C","Miss","singleton"
"339",1,"3","male",45,0,0,8.05,"S","Mr","singleton"
"340",0,"1","male",45,0,0,35.5,"S","Mr","singleton"
"341",1,"2","male",2,1,1,26,"S","Master","small"
"342",1,"1","female",24,3,2,263,"S","Miss","large"
"343",0,"2","male",28,0,0,13,"S","Mr","singleton"
"344",0,"2","male",25,0,0,13,"S","Mr","singleton"
"345",0,"2","male",36,0,0,13,"S","Mr","singleton"
"346",1,"2","female",24,0,0,13,"S","Miss","singleton"
"347",1,"2","female",40,0,0,13,"S","Miss","singleton"
"348",1,"3","female",18,1,0,16.1,"S","Mrs","small"
"349",1,"3","male",3,1,1,15.9,"S","Master","small"
"350",0,"3","male",42,0,0,8.6625,"S","Mr","singleton"
"351",0,"3","male",23,0,0,9.225,"S","Mr","singleton"
"352",0,"1","male",55,0,0,35,"S","Mr","singleton"
"353",0,"3","male",15,1,1,7.2292,"C","Mr","small"
"354",0,"3","male",25,1,0,17.8,"S","Mr","small"
"355",0,"3","male",24,0,0,7.225,"C","Mr","singleton"
"356",0,"3","male",28,0,0,9.5,"S","Mr","singleton"
"357",1,"1","female",22,0,1,55,"S","Miss","small"
"358",0,"2","female",38,0,0,13,"S","Miss","singleton"
"359",1,"3","female",28,0,0,7.8792,"Q","Miss","singleton"
"360",1,"3","female",15,0,0,7.8792,"Q","Miss","singleton"
"361",0,"3","male",40,1,4,27.9,"S","Mr","large"
"362",0,"2","male",29,1,0,27.7208,"C","Mr","small"
"363",0,"3","female",45,0,1,14.4542,"C","Mrs","small"
"364",0,"3","male",35,0,0,7.05,"S","Mr","singleton"
"365",0,"3","male",26,1,0,15.5,"Q","Mr","small"
"366",0,"3","male",30,0,0,7.25,"S","Mr","singleton"
"367",1,"1","female",60,1,0,75.25,"C","Mrs","small"
"368",1,"3","female",18,0,0,7.2292,"C","Mrs","singleton"
"369",1,"3","female",31,0,0,7.75,"Q","Miss","singleton"
"370",1,"1","female",24,0,0,69.3,"C","Mrs","singleton"
"371",1,"1","male",25,1,0,55.4417,"C","Mr","small"
"372",0,"3","male",18,1,0,6.4958,"S","Mr","small"
"373",0,"3","male",19,0,0,8.05,"S","Mr","singleton"
"374",0,"1","male",22,0,0,135.6333,"C","Mr","singleton"
"375",0,"3","female",3,3,1,21.075,"S","Miss","large"
"376",1,"1","female",23,1,0,82.1708,"C","Mrs","small"
"377",1,"3","female",22,0,0,7.25,"S","Miss","singleton"
"378",0,"1","male",27,0,2,211.5,"C","Mr","small"
"379",0,"3","male",20,0,0,4.0125,"C","Mr","singleton"
"380",0,"3","male",19,0,0,7.775,"S","Mr","singleton"
"381",1,"1","female",42,0,0,227.525,"C","Miss","singleton"
"382",1,"3","female",1,0,2,15.7417,"C","Miss","small"
"383",0,"3","male",32,0,0,7.925,"S","Mr","singleton"
"384",1,"1","female",35,1,0,52,"S","Mrs","small"
"385",0,"3","male",23.5,0,0,7.8958,"S","Mr","singleton"
"386",0,"2","male",18,0,0,73.5,"S","Mr","singleton"
"387",0,"3","male",1,5,2,46.9,"S","Master","large"
"388",1,"2","female",36,0,0,13,"S","Miss","singleton"
"389",0,"3","male",11,0,0,7.7292,"Q","Mr","singleton"
"390",1,"2","female",17,0,0,12,"C","Miss","singleton"
"391",1,"1","male",36,1,2,120,"S","Mr","small"
"392",1,"3","male",21,0,0,7.7958,"S","Mr","singleton"
"393",0,"3","male",28,2,0,7.925,"S","Mr","small"
"394",1,"1","female",23,1,0,113.275,"C","Miss","small"
"395",1,"3","female",24,0,2,16.7,"S","Mrs","small"
"396",0,"3","male",22,0,0,7.7958,"S","Mr","singleton"
"397",0,"3","female",31,0,0,7.8542,"S","Miss","singleton"
"398",0,"2","male",46,0,0,26,"S","Mr","singleton"
"399",0,"2","male",23,0,0,10.5,"S","Rare Title","singleton"
"400",1,"2","female",28,0,0,12.65,"S","Mrs","singleton"
"401",1,"3","male",39,0,0,7.925,"S","Mr","singleton"
"402",0,"3","male",26,0,0,8.05,"S","Mr","singleton"
"403",0,"3","female",21,1,0,9.825,"S","Miss","small"
"404",0,"3","male",28,1,0,15.85,"S","Mr","small"
"405",0,"3","female",20,0,0,8.6625,"S","Miss","singleton"
"406",0,"2","male",34,1,0,21,"S","Mr","small"
"407",0,"3","male",51,0,0,7.75,"S","Mr","singleton"
"408",1,"2","male",3,1,1,18.75,"S","Master","small"
"409",0,"3","male",21,0,0,7.775,"S","Mr","singleton"
"410",0,"3","female",2,3,1,25.4667,"S","Miss","large"
"411",0,"3","male",19,0,0,7.8958,"S","Mr","singleton"
"412",0,"3","male",32,0,0,6.8583,"Q","Mr","singleton"
"413",1,"1","female",33,1,0,90,"Q","Miss","small"
"414",0,"2","male",35,0,0,0,"S","Mr","singleton"
"415",1,"3","male",44,0,0,7.925,"S","Mr","singleton"
"416",0,"3","female",21,0,0,8.05,"S","Mrs","singleton"
"417",1,"2","female",34,1,1,32.5,"S","Mrs","small"
"418",1,"2","female",18,0,2,13,"S","Miss","small"
"419",0,"2","male",30,0,0,13,"S","Mr","singleton"
"420",0,"3","female",10,0,2,24.15,"S","Miss","small"
"421",0,"3","male",33,0,0,7.8958,"C","Mr","singleton"
"422",0,"3","male",21,0,0,7.7333,"Q","Mr","singleton"
"423",0,"3","male",29,0,0,7.875,"S","Mr","singleton"
"424",0,"3","female",28,1,1,14.4,"S","Mrs","small"
"425",0,"3","male",18,1,1,20.2125,"S","Mr","small"
"426",0,"3","male",26,0,0,7.25,"S","Mr","singleton"
"427",1,"2","female",28,1,0,26,"S","Mrs","small"
"428",1,"2","female",19,0,0,26,"S","Miss","singleton"
"429",0,"3","male",30,0,0,7.75,"Q","Mr","singleton"
"430",1,"3","male",32,0,0,8.05,"S","Mr","singleton"
"431",1,"1","male",28,0,0,26.55,"S","Mr","singleton"
"432",1,"3","female",32,1,0,16.1,"S","Mrs","small"
"433",1,"2","female",42,1,0,26,"S","Mrs","small"
"434",0,"3","male",17,0,0,7.125,"S","Mr","singleton"
"435",0,"1","male",50,1,0,55.9,"S","Mr","small"
"436",1,"1","female",14,1,2,120,"S","Miss","small"
"437",0,"3","female",21,2,2,34.375,"S","Miss","large"
"438",1,"2","female",24,2,3,18.75,"S","Mrs","large"
"439",0,"1","male",64,1,4,263,"S","Mr","large"
"440",0,"2","male",31,0,0,10.5,"S","Mr","singleton"
"441",1,"2","female",45,1,1,26.25,"S","Mrs","small"
"442",0,"3","male",20,0,0,9.5,"S","Mr","singleton"
"443",0,"3","male",25,1,0,7.775,"S","Mr","small"
"444",1,"2","female",28,0,0,13,"S","Miss","singleton"
"445",1,"3","male",28,0,0,8.1125,"S","Mr","singleton"
"446",1,"1","male",4,0,2,81.8583,"S","Master","small"
"447",1,"2","female",13,0,1,19.5,"S","Miss","small"
"448",1,"1","male",34,0,0,26.55,"S","Mr","singleton"
"449",1,"3","female",5,2,1,19.2583,"C","Miss","small"
"450",1,"1","male",52,0,0,30.5,"S","Rare Title","singleton"
"451",0,"2","male",36,1,2,27.75,"S","Mr","small"
"452",0,"3","male",33,1,0,19.9667,"S","Mr","small"
"453",0,"1","male",30,0,0,27.75,"C","Mr","singleton"
"454",1,"1","male",49,1,0,89.1042,"C","Mr","small"
"455",0,"3","male",21,0,0,8.05,"S","Mr","singleton"
"456",1,"3","male",29,0,0,7.8958,"C","Mr","singleton"
"457",0,"1","male",65,0,0,26.55,"S","Mr","singleton"
"458",1,"1","female",35,1,0,51.8625,"S","Mrs","small"
"459",1,"2","female",50,0,0,10.5,"S","Miss","singleton"
"460",0,"3","male",22,0,0,7.75,"Q","Mr","singleton"
"461",1,"1","male",48,0,0,26.55,"S","Mr","singleton"
"462",0,"3","male",34,0,0,8.05,"S","Mr","singleton"
"463",0,"1","male",47,0,0,38.5,"S","Mr","singleton"
"464",0,"2","male",48,0,0,13,"S","Mr","singleton"
"465",0,"3","male",21,0,0,8.05,"S","Mr","singleton"
"466",0,"3","male",38,0,0,7.05,"S","Mr","singleton"
"467",0,"2","male",62,0,0,0,"S","Mr","singleton"
"468",0,"1","male",56,0,0,26.55,"S","Mr","singleton"
"469",0,"3","male",29,0,0,7.725,"Q","Mr","singleton"
"470",1,"3","female",0.75,2,1,19.2583,"C","Miss","small"
"471",0,"3","male",27,0,0,7.25,"S","Mr","singleton"
"472",0,"3","male",38,0,0,8.6625,"S","Mr","singleton"
"473",1,"2","female",33,1,2,27.75,"S","Mrs","small"
"474",1,"2","female",23,0,0,13.7917,"C","Mrs","singleton"
"475",0,"3","female",22,0,0,9.8375,"S","Miss","singleton"
"476",0,"1","male",41,0,0,52,"S","Mr","singleton"
"477",0,"2","male",34,1,0,21,"S","Mr","small"
"478",0,"3","male",29,1,0,7.0458,"S","Mr","small"
"479",0,"3","male",22,0,0,7.5208,"S","Mr","singleton"
"480",1,"3","female",2,0,1,12.2875,"S","Miss","small"
"481",0,"3","male",9,5,2,46.9,"S","Master","large"
"482",0,"2","male",26,0,0,0,"S","Mr","singleton"
"483",0,"3","male",50,0,0,8.05,"S","Mr","singleton"
"484",1,"3","female",63,0,0,9.5875,"S","Mrs","singleton"
"485",1,"1","male",25,1,0,91.0792,"C","Mr","small"
"486",0,"3","female",14.5,3,1,25.4667,"S","Miss","large"
"487",1,"1","female",35,1,0,90,"S","Mrs","small"
"488",0,"1","male",58,0,0,29.7,"C","Mr","singleton"
"489",0,"3","male",30,0,0,8.05,"S","Mr","singleton"
"490",1,"3","male",9,1,1,15.9,"S","Master","small"
"491",0,"3","male",16,1,0,19.9667,"S","Mr","small"
"492",0,"3","male",21,0,0,7.25,"S","Mr","singleton"
"493",0,"1","male",55,0,0,30.5,"S","Mr","singleton"
"494",0,"1","male",71,0,0,49.5042,"C","Mr","singleton"
"495",0,"3","male",21,0,0,8.05,"S","Mr","singleton"
"496",0,"3","male",39,0,0,14.4583,"C","Mr","singleton"
"497",1,"1","female",54,1,0,78.2667,"C","Miss","small"
"498",0,"3","male",25,0,0,15.1,"S","Mr","singleton"
"499",0,"1","female",25,1,2,151.55,"S","Mrs","small"
"500",0,"3","male",24,0,0,7.7958,"S","Mr","singleton"
"501",0,"3","male",17,0,0,8.6625,"S","Mr","singleton"
"502",0,"3","female",21,0,0,7.75,"Q","Miss","singleton"
"503",0,"3","female",17,0,0,7.6292,"Q","Miss","singleton"
"504",0,"3","female",37,0,0,9.5875,"S","Miss","singleton"
"505",1,"1","female",16,0,0,86.5,"S","Miss","singleton"
"506",0,"1","male",18,1,0,108.9,"C","Mr","small"
"507",1,"2","female",33,0,2,26,"S","Mrs","small"
"508",1,"1","male",51,0,0,26.55,"S","Mr","singleton"
"509",0,"3","male",28,0,0,22.525,"S","Mr","singleton"
"510",1,"3","male",26,0,0,56.4958,"S","Mr","singleton"
"511",1,"3","male",29,0,0,7.75,"Q","Mr","singleton"
"512",0,"3","male",19,0,0,8.05,"S","Mr","singleton"
"513",1,"1","male",36,0,0,26.2875,"S","Mr","singleton"
"514",1,"1","female",54,1,0,59.4,"C","Mrs","small"
"515",0,"3","male",24,0,0,7.4958,"S","Mr","singleton"
"516",0,"1","male",47,0,0,34.0208,"S","Mr","singleton"
"517",1,"2","female",34,0,0,10.5,"S","Mrs","singleton"
"518",0,"3","male",26,0,0,24.15,"Q","Mr","singleton"
"519",1,"2","female",36,1,0,26,"S","Mrs","small"
"520",0,"3","male",32,0,0,7.8958,"S","Mr","singleton"
"521",1,"1","female",30,0,0,93.5,"S","Miss","singleton"
"522",0,"3","male",22,0,0,7.8958,"S","Mr","singleton"
"523",0,"3","male",21,0,0,7.225,"C","Mr","singleton"
"524",1,"1","female",44,0,1,57.9792,"C","Mrs","small"
"525",0,"3","male",31,0,0,7.2292,"C","Mr","singleton"
"526",0,"3","male",40.5,0,0,7.75,"Q","Mr","singleton"
"527",1,"2","female",50,0,0,10.5,"S","Miss","singleton"
"528",0,"1","male",71,0,0,221.7792,"S","Mr","singleton"
"529",0,"3","male",39,0,0,7.925,"S","Mr","singleton"
"530",0,"2","male",23,2,1,11.5,"S","Mr","small"
"531",1,"2","female",2,1,1,26,"S","Miss","small"
"532",0,"3","male",36,0,0,7.2292,"C","Mr","singleton"
"533",0,"3","male",17,1,1,7.2292,"C","Mr","small"
"534",1,"3","female",24,0,2,22.3583,"C","Mrs","small"
"535",0,"3","female",30,0,0,8.6625,"S","Miss","singleton"
"536",1,"2","female",7,0,2,26.25,"S","Miss","small"
"537",0,"1","male",45,0,0,26.55,"S","Rare Title","singleton"
"538",1,"1","female",30,0,0,106.425,"C","Miss","singleton"
"539",0,"3","male",32,0,0,14.5,"S","Mr","singleton"
"540",1,"1","female",22,0,2,49.5,"C","Miss","small"
"541",1,"1","female",36,0,2,71,"S","Miss","small"
"542",0,"3","female",9,4,2,31.275,"S","Miss","large"
"543",0,"3","female",11,4,2,31.275,"S","Miss","large"
"544",1,"2","male",32,1,0,26,"S","Mr","small"
"545",0,"1","male",50,1,0,106.425,"C","Mr","small"
"546",0,"1","male",64,0,0,26,"S","Mr","singleton"
"547",1,"2","female",19,1,0,26,"S","Mrs","small"
"548",1,"2","male",32,0,0,13.8625,"C","Mr","singleton"
"549",0,"3","male",33,1,1,20.525,"S","Mr","small"
"550",1,"2","male",8,1,1,36.75,"S","Master","small"
"551",1,"1","male",17,0,2,110.8833,"C","Mr","small"
"552",0,"2","male",27,0,0,26,"S","Mr","singleton"
"553",0,"3","male",25,0,0,7.8292,"Q","Mr","singleton"
"554",1,"3","male",22,0,0,7.225,"C","Mr","singleton"
"555",1,"3","female",22,0,0,7.775,"S","Miss","singleton"
"556",0,"1","male",62,0,0,26.55,"S","Mr","singleton"
"557",1,"1","female",48,1,0,39.6,"C","Rare Title","small"
"558",0,"1","male",24,0,0,227.525,"C","Mr","singleton"
"559",1,"1","female",39,1,1,79.65,"S","Mrs","small"
"560",1,"3","female",36,1,0,17.4,"S","Mrs","small"
"561",0,"3","male",34.5,0,0,7.75,"Q","Mr","singleton"
"562",0,"3","male",40,0,0,7.8958,"S","Mr","singleton"
"563",0,"2","male",28,0,0,13.5,"S","Mr","singleton"
"564",0,"3","male",26.5,0,0,8.05,"S","Mr","singleton"
"565",0,"3","female",23,0,0,8.05,"S","Miss","singleton"
"566",0,"3","male",24,2,0,24.15,"S","Mr","small"
"567",0,"3","male",19,0,0,7.8958,"S","Mr","singleton"
"568",0,"3","female",29,0,4,21.075,"S","Mrs","large"
"569",0,"3","male",29,0,0,7.2292,"C","Mr","singleton"
"570",1,"3","male",32,0,0,7.8542,"S","Mr","singleton"
"571",1,"2","male",62,0,0,10.5,"S","Mr","singleton"
"572",1,"1","female",53,2,0,51.4792,"S","Mrs","small"
"573",1,"1","male",36,0,0,26.3875,"S","Mr","singleton"
"574",1,"3","female",37,0,0,7.75,"Q","Miss","singleton"
"575",0,"3","male",16,0,0,8.05,"S","Mr","singleton"
"576",0,"3","male",19,0,0,14.5,"S","Mr","singleton"
"577",1,"2","female",34,0,0,13,"S","Miss","singleton"
"578",1,"1","female",39,1,0,55.9,"S","Mrs","small"
"579",0,"3","female",30,1,0,14.4583,"C","Mrs","small"
"580",1,"3","male",32,0,0,7.925,"S","Mr","singleton"
"581",1,"2","female",25,1,1,30,"S","Miss","small"
"582",1,"1","female",39,1,1,110.8833,"C","Mrs","small"
"583",0,"2","male",54,0,0,26,"S","Mr","singleton"
"584",0,"1","male",36,0,0,40.125,"C","Mr","singleton"
"585",0,"3","male",28,0,0,8.7125,"C","Mr","singleton"
"586",1,"1","female",18,0,2,79.65,"S","Miss","small"
"587",0,"2","male",47,0,0,15,"S","Mr","singleton"
"588",1,"1","male",60,1,1,79.2,"C","Mr","small"
"589",0,"3","male",22,0,0,8.05,"S","Mr","singleton"
"590",0,"3","male",19,0,0,8.05,"S","Mr","singleton"
"591",0,"3","male",35,0,0,7.125,"S","Mr","singleton"
"592",1,"1","female",52,1,0,78.2667,"C","Mrs","small"
"593",0,"3","male",47,0,0,7.25,"S","Mr","singleton"
"594",0,"3","female",36,0,2,7.75,"Q","Miss","small"
"595",0,"2","male",37,1,0,26,"S","Mr","small"
"596",0,"3","male",36,1,1,24.15,"S","Mr","small"
"597",1,"2","female",19,0,0,33,"S","Miss","singleton"
"598",0,"3","male",49,0,0,0,"S","Mr","singleton"
"599",0,"3","male",23,0,0,7.225,"C","Mr","singleton"
"600",1,"1","male",49,1,0,56.9292,"C","Rare Title","small"
"601",1,"2","female",24,2,1,27,"S","Mrs","small"
"602",0,"3","male",35,0,0,7.8958,"S","Mr","singleton"
"603",0,"1","male",36,0,0,42.4,"S","Mr","singleton"
"604",0,"3","male",44,0,0,8.05,"S","Mr","singleton"
"605",1,"1","male",35,0,0,26.55,"C","Mr","singleton"
"606",0,"3","male",36,1,0,15.55,"S","Mr","small"
"607",0,"3","male",30,0,0,7.8958,"S","Mr","singleton"
"608",1,"1","male",27,0,0,30.5,"S","Mr","singleton"
"609",1,"2","female",22,1,2,41.5792,"C","Mrs","small"
"610",1,"1","female",40,0,0,153.4625,"S","Miss","singleton"
"611",0,"3","female",39,1,5,31.275,"S","Mrs","large"
"612",0,"3","male",25,0,0,7.05,"S","Mr","singleton"
"613",1,"3","female",21,1,0,15.5,"Q","Miss","small"
"614",0,"3","male",31,0,0,7.75,"Q","Mr","singleton"
"615",0,"3","male",35,0,0,8.05,"S","Mr","singleton"
"616",1,"2","female",24,1,2,65,"S","Miss","small"
"617",0,"3","male",34,1,1,14.4,"S","Mr","small"
"618",0,"3","female",26,1,0,16.1,"S","Mrs","small"
"619",1,"2","female",4,2,1,39,"S","Miss","small"
"620",0,"2","male",26,0,0,10.5,"S","Mr","singleton"
"621",0,"3","male",27,1,0,14.4542,"C","Mr","small"
"622",1,"1","male",42,1,0,52.5542,"S","Mr","small"
"623",1,"3","male",20,1,1,15.7417,"C","Mr","small"
"624",0,"3","male",21,0,0,7.8542,"S","Mr","singleton"
"625",0,"3","male",21,0,0,16.1,"S","Mr","singleton"
"626",0,"1","male",61,0,0,32.3208,"S","Mr","singleton"
"627",0,"2","male",57,0,0,12.35,"Q","Rare Title","singleton"
"628",1,"1","female",21,0,0,77.9583,"S","Miss","singleton"
"629",0,"3","male",26,0,0,7.8958,"S","Mr","singleton"
"630",0,"3","male",26,0,0,7.7333,"Q","Mr","singleton"
"631",1,"1","male",80,0,0,30,"S","Mr","singleton"
"632",0,"3","male",51,0,0,7.0542,"S","Mr","singleton"
"633",1,"1","male",32,0,0,30.5,"C","Rare Title","singleton"
"634",0,"1","male",47,0,0,0,"S","Mr","singleton"
"635",0,"3","female",9,3,2,27.9,"S","Miss","large"
"636",1,"2","female",28,0,0,13,"S","Miss","singleton"
"637",0,"3","male",32,0,0,7.925,"S","Mr","singleton"
"638",0,"2","male",31,1,1,26.25,"S","Mr","small"
"639",0,"3","female",41,0,5,39.6875,"S","Mrs","large"
"640",0,"3","male",18,1,0,16.1,"S","Mr","small"
"641",0,"3","male",20,0,0,7.8542,"S","Mr","singleton"
"642",1,"1","female",24,0,0,69.3,"C","Miss","singleton"
"643",0,"3","female",2,3,2,27.9,"S","Miss","large"
"644",1,"3","male",28,0,0,56.4958,"S","Mr","singleton"
"645",1,"3","female",0.75,2,1,19.2583,"C","Miss","small"
"646",1,"1","male",48,1,0,76.7292,"C","Mr","small"
"647",0,"3","male",19,0,0,7.8958,"S","Mr","singleton"
"648",1,"1","male",56,0,0,35.5,"C","Rare Title","singleton"
"649",0,"3","male",21,0,0,7.55,"S","Mr","singleton"
"650",1,"3","female",23,0,0,7.55,"S","Miss","singleton"
"651",0,"3","male",21,0,0,7.8958,"S","Mr","singleton"
"652",1,"2","female",18,0,1,23,"S","Miss","small"
"653",0,"3","male",21,0,0,8.4333,"S","Mr","singleton"
"654",1,"3","female",27,0,0,7.8292,"Q","Miss","singleton"
"655",0,"3","female",18,0,0,6.75,"Q","Miss","singleton"
"656",0,"2","male",24,2,0,73.5,"S","Mr","small"
"657",0,"3","male",32,0,0,7.8958,"S","Mr","singleton"
"658",0,"3","female",32,1,1,15.5,"Q","Mrs","small"
"659",0,"2","male",23,0,0,13,"S","Mr","singleton"
"660",0,"1","male",58,0,2,113.275,"C","Mr","small"
"661",1,"1","male",50,2,0,133.65,"S","Rare Title","small"
"662",0,"3","male",40,0,0,7.225,"C","Mr","singleton"
"663",0,"1","male",47,0,0,25.5875,"S","Mr","singleton"
"664",0,"3","male",36,0,0,7.4958,"S","Mr","singleton"
"665",1,"3","male",20,1,0,7.925,"S","Mr","small"
"666",0,"2","male",32,2,0,73.5,"S","Mr","small"
"667",0,"2","male",25,0,0,13,"S","Mr","singleton"
"668",0,"3","male",27,0,0,7.775,"S","Mr","singleton"
"669",0,"3","male",43,0,0,8.05,"S","Mr","singleton"
"670",1,"1","female",37,1,0,52,"S","Mrs","small"
"671",1,"2","female",40,1,1,39,"S","Mrs","small"
"672",0,"1","male",31,1,0,52,"S","Mr","small"
"673",0,"2","male",70,0,0,10.5,"S","Mr","singleton"
"674",1,"2","male",31,0,0,13,"S","Mr","singleton"
"675",0,"2","male",30,0,0,0,"S","Mr","singleton"
"676",0,"3","male",18,0,0,7.775,"S","Mr","singleton"
"677",0,"3","male",24.5,0,0,8.05,"S","Mr","singleton"
"678",1,"3","female",18,0,0,9.8417,"S","Miss","singleton"
"679",0,"3","female",43,1,6,46.9,"S","Mrs","large"
"680",1,"1","male",36,0,1,512.3292,"C","Mr","small"
"681",0,"3","female",18,0,0,8.1375,"Q","Miss","singleton"
"682",1,"1","male",27,0,0,76.7292,"C","Mr","singleton"
"683",0,"3","male",20,0,0,9.225,"S","Mr","singleton"
"684",0,"3","male",14,5,2,46.9,"S","Mr","large"
"685",0,"2","male",60,1,1,39,"S","Mr","small"
"686",0,"2","male",25,1,2,41.5792,"C","Mr","small"
"687",0,"3","male",14,4,1,39.6875,"S","Mr","large"
"688",0,"3","male",19,0,0,10.1708,"S","Mr","singleton"
"689",0,"3","male",18,0,0,7.7958,"S","Mr","singleton"
"690",1,"1","female",15,0,1,211.3375,"S","Miss","small"
"691",1,"1","male",31,1,0,57,"S","Mr","small"
"692",1,"3","female",4,0,1,13.4167,"C","Miss","small"
"693",1,"3","male",23,0,0,56.4958,"S","Mr","singleton"
"694",0,"3","male",25,0,0,7.225,"C","Mr","singleton"
"695",0,"1","male",60,0,0,26.55,"S","Rare Title","singleton"
"696",0,"2","male",52,0,0,13.5,"S","Mr","singleton"
"697",0,"3","male",44,0,0,8.05,"S","Mr","singleton"
"698",1,"3","female",16,0,0,7.7333,"Q","Miss","singleton"
"699",0,"1","male",49,1,1,110.8833,"C","Mr","small"
"700",0,"3","male",42,0,0,7.65,"S","Mr","singleton"
"701",1,"1","female",18,1,0,227.525,"C","Mrs","small"
"702",1,"1","male",35,0,0,26.2875,"S","Mr","singleton"
"703",0,"3","female",18,0,1,14.4542,"C","Miss","small"
"704",0,"3","male",25,0,0,7.7417,"Q","Mr","singleton"
"705",0,"3","male",26,1,0,7.8542,"S","Mr","small"
"706",0,"2","male",39,0,0,26,"S","Mr","singleton"
"707",1,"2","female",45,0,0,13.5,"S","Mrs","singleton"
"708",1,"1","male",42,0,0,26.2875,"S","Mr","singleton"
"709",1,"1","female",22,0,0,151.55,"S","Miss","singleton"
"710",1,"3","male",9,1,1,15.2458,"C","Master","small"
"711",1,"1","female",24,0,0,49.5042,"C","Miss","singleton"
"712",0,"1","male",33,0,0,26.55,"S","Mr","singleton"
"713",1,"1","male",48,1,0,52,"S","Mr","small"
"714",0,"3","male",29,0,0,9.4833,"S","Mr","singleton"
"715",0,"2","male",52,0,0,13,"S","Mr","singleton"
"716",0,"3","male",19,0,0,7.65,"S","Mr","singleton"
"717",1,"1","female",38,0,0,227.525,"C","Miss","singleton"
"718",1,"2","female",27,0,0,10.5,"S","Miss","singleton"
"719",0,"3","male",40,0,0,15.5,"Q","Mr","singleton"
"720",0,"3","male",33,0,0,7.775,"S","Mr","singleton"
"721",1,"2","female",6,0,1,33,"S","Miss","small"
"722",0,"3","male",17,1,0,7.0542,"S","Mr","small"
"723",0,"2","male",34,0,0,13,"S","Mr","singleton"
"724",0,"2","male",50,0,0,13,"S","Mr","singleton"
"725",1,"1","male",27,1,0,53.1,"S","Mr","small"
"726",0,"3","male",20,0,0,8.6625,"S","Mr","singleton"
"727",1,"2","female",30,3,0,21,"S","Mrs","small"
"728",1,"3","female",23,0,0,7.7375,"Q","Miss","singleton"
"729",0,"2","male",25,1,0,26,"S","Mr","small"
"730",0,"3","female",25,1,0,7.925,"S","Miss","small"
"731",1,"1","female",29,0,0,211.3375,"S","Miss","singleton"
"732",0,"3","male",11,0,0,18.7875,"C","Mr","singleton"
"733",0,"2","male",57,0,0,0,"S","Mr","singleton"
"734",0,"2","male",23,0,0,13,"S","Mr","singleton"
"735",0,"2","male",23,0,0,13,"S","Mr","singleton"
"736",0,"3","male",28.5,0,0,16.1,"S","Mr","singleton"
"737",0,"3","female",48,1,3,34.375,"S","Mrs","large"
"738",1,"1","male",35,0,0,512.3292,"C","Mr","singleton"
"739",0,"3","male",24,0,0,7.8958,"S","Mr","singleton"
"740",0,"3","male",29,0,0,7.8958,"S","Mr","singleton"
"741",1,"1","male",61,0,0,30,"S","Mr","singleton"
"742",0,"1","male",36,1,0,78.85,"S","Mr","small"
"743",1,"1","female",21,2,2,262.375,"C","Miss","large"
"744",0,"3","male",24,1,0,16.1,"S","Mr","small"
"745",1,"3","male",31,0,0,7.925,"S","Mr","singleton"
"746",0,"1","male",70,1,1,71,"S","Rare Title","small"
"747",0,"3","male",16,1,1,20.25,"S","Mr","small"
"748",1,"2","female",30,0,0,13,"S","Miss","singleton"
"749",0,"1","male",19,1,0,53.1,"S","Mr","small"
"750",0,"3","male",31,0,0,7.75,"Q","Mr","singleton"
"751",1,"2","female",4,1,1,23,"S","Miss","small"
"752",1,"3","male",6,0,1,12.475,"S","Master","small"
"753",0,"3","male",33,0,0,9.5,"S","Mr","singleton"
"754",0,"3","male",23,0,0,7.8958,"S","Mr","singleton"
"755",1,"2","female",48,1,2,65,"S","Mrs","small"
"756",1,"2","male",0.67,1,1,14.5,"S","Master","small"
"757",0,"3","male",28,0,0,7.7958,"S","Mr","singleton"
"758",0,"2","male",18,0,0,11.5,"S","Mr","singleton"
"759",0,"3","male",34,0,0,8.05,"S","Mr","singleton"
"760",1,"1","female",33,0,0,86.5,"S","Rare Title","singleton"
"761",0,"3","male",44,0,0,14.5,"S","Mr","singleton"
"762",0,"3","male",41,0,0,7.125,"S","Mr","singleton"
"763",1,"3","male",20,0,0,7.2292,"C","Mr","singleton"
"764",1,"1","female",36,1,2,120,"S","Mrs","small"
"765",0,"3","male",16,0,0,7.775,"S","Mr","singleton"
"766",1,"1","female",51,1,0,77.9583,"S","Mrs","small"
"767",0,"1","male",47,0,0,39.6,"C","Rare Title","singleton"
"768",0,"3","female",30.5,0,0,7.75,"Q","Miss","singleton"
"769",0,"3","male",37,1,0,24.15,"Q","Mr","small"
"770",0,"3","male",32,0,0,8.3625,"S","Mr","singleton"
"771",0,"3","male",24,0,0,9.5,"S","Mr","singleton"
"772",0,"3","male",48,0,0,7.8542,"S","Mr","singleton"
"773",0,"2","female",57,0,0,10.5,"S","Mrs","singleton"
"774",0,"3","male",27,0,0,7.225,"C","Mr","singleton"
"775",1,"2","female",54,1,3,23,"S","Mrs","large"
"776",0,"3","male",18,0,0,7.75,"S","Mr","singleton"
"777",0,"3","male",65,0,0,7.75,"Q","Mr","singleton"
"778",1,"3","female",5,0,0,12.475,"S","Miss","singleton"
"779",0,"3","male",32,0,0,7.7375,"Q","Mr","singleton"
"780",1,"1","female",43,0,1,211.3375,"S","Mrs","small"
"781",1,"3","female",13,0,0,7.2292,"C","Miss","singleton"
"782",1,"1","female",17,1,0,57,"S","Mrs","small"
"783",0,"1","male",29,0,0,30,"S","Mr","singleton"
"784",0,"3","male",3,1,2,23.45,"S","Mr","small"
"785",0,"3","male",25,0,0,7.05,"S","Mr","singleton"
"786",0,"3","male",25,0,0,7.25,"S","Mr","singleton"
"787",1,"3","female",18,0,0,7.4958,"S","Miss","singleton"
"788",0,"3","male",8,4,1,29.125,"Q","Master","large"
"789",1,"3","male",1,1,2,20.575,"S","Master","small"
"790",0,"1","male",46,0,0,79.2,"C","Mr","singleton"
"791",0,"3","male",65,0,0,7.75,"Q","Mr","singleton"
"792",0,"2","male",16,0,0,26,"S","Mr","singleton"
"793",0,"3","female",10,8,2,69.55,"S","Miss","large"
"794",0,"1","male",58,0,0,30.6958,"C","Mr","singleton"
"795",0,"3","male",25,0,0,7.8958,"S","Mr","singleton"
"796",0,"2","male",39,0,0,13,"S","Mr","singleton"
"797",1,"1","female",49,0,0,25.9292,"S","Rare Title","singleton"
"798",1,"3","female",31,0,0,8.6833,"S","Mrs","singleton"
"799",0,"3","male",30,0,0,7.2292,"C","Mr","singleton"
"800",0,"3","female",30,1,1,24.15,"S","Mrs","small"
"801",0,"2","male",34,0,0,13,"S","Mr","singleton"
"802",1,"2","female",31,1,1,26.25,"S","Mrs","small"
"803",1,"1","male",11,1,2,120,"S","Master","small"
"804",1,"3","male",0.42,0,1,8.5167,"C","Master","small"
"805",1,"3","male",27,0,0,6.975,"S","Mr","singleton"
"806",0,"3","male",31,0,0,7.775,"S","Mr","singleton"
"807",0,"1","male",39,0,0,0,"S","Mr","singleton"
"808",0,"3","female",18,0,0,7.775,"S","Miss","singleton"
"809",0,"2","male",39,0,0,13,"S","Mr","singleton"
"810",1,"1","female",33,1,0,53.1,"S","Mrs","small"
"811",0,"3","male",26,0,0,7.8875,"S","Mr","singleton"
"812",0,"3","male",39,0,0,24.15,"S","Mr","singleton"
"813",0,"2","male",35,0,0,10.5,"S","Mr","singleton"
"814",0,"3","female",6,4,2,31.275,"S","Miss","large"
"815",0,"3","male",30.5,0,0,8.05,"S","Mr","singleton"
"816",0,"1","male",49,0,0,0,"S","Mr","singleton"
"817",0,"3","female",23,0,0,7.925,"S","Miss","singleton"
"818",0,"2","male",31,1,1,37.0042,"C","Mr","small"
"819",0,"3","male",43,0,0,6.45,"S","Mr","singleton"
"820",0,"3","male",10,3,2,27.9,"S","Master","large"
"821",1,"1","female",52,1,1,93.5,"S","Mrs","small"
"822",1,"3","male",27,0,0,8.6625,"S","Mr","singleton"
"823",0,"1","male",38,0,0,0,"S","Rare Title","singleton"
"824",1,"3","female",27,0,1,12.475,"S","Mrs","small"
"825",0,"3","male",2,4,1,39.6875,"S","Master","large"
"826",0,"3","male",45,0,0,6.95,"Q","Mr","singleton"
"827",0,"3","male",48,0,0,56.4958,"S","Mr","singleton"
"828",1,"2","male",1,0,2,37.0042,"C","Master","small"
"829",1,"3","male",40.5,0,0,7.75,"Q","Mr","singleton"
"830",1,"1","female",62,0,0,80,"C","Mrs","singleton"
"831",1,"3","female",15,1,0,14.4542,"C","Mrs","small"
"832",1,"2","male",0.83,1,1,18.75,"S","Master","small"
"833",0,"3","male",30,0,0,7.2292,"C","Mr","singleton"
"834",0,"3","male",23,0,0,7.8542,"S","Mr","singleton"
"835",0,"3","male",18,0,0,8.3,"S","Mr","singleton"
"836",1,"1","female",39,1,1,83.1583,"C","Miss","small"
"837",0,"3","male",21,0,0,8.6625,"S","Mr","singleton"
"838",0,"3","male",35,0,0,8.05,"S","Mr","singleton"
"839",1,"3","male",32,0,0,56.4958,"S","Mr","singleton"
"840",1,"1","male",53,0,0,29.7,"C","Mr","singleton"
"841",0,"3","male",20,0,0,7.925,"S","Mr","singleton"
"842",0,"2","male",16,0,0,10.5,"S","Mr","singleton"
"843",1,"1","female",30,0,0,31,"C","Miss","singleton"
"844",0,"3","male",34.5,0,0,6.4375,"C","Mr","singleton"
"845",0,"3","male",17,0,0,8.6625,"S","Mr","singleton"
"846",0,"3","male",42,0,0,7.55,"S","Mr","singleton"
"847",0,"3","male",11,8,2,69.55,"S","Mr","large"
"848",0,"3","male",35,0,0,7.8958,"C","Mr","singleton"
"849",0,"2","male",28,0,1,33,"S","Rare Title","small"
"850",1,"1","female",56,1,0,89.1042,"C","Mrs","small"
"851",0,"3","male",4,4,2,31.275,"S","Master","large"
"852",0,"3","male",74,0,0,7.775,"S","Mr","singleton"
"853",0,"3","female",9,1,1,15.2458,"C","Miss","small"
"854",1,"1","female",16,0,1,39.4,"S","Miss","small"
"855",0,"2","female",44,1,0,26,"S","Mrs","small"
"856",1,"3","female",18,0,1,9.35,"S","Mrs","small"
"857",1,"1","female",45,1,1,164.8667,"S","Mrs","small"
"858",1,"1","male",51,0,0,26.55,"S","Mr","singleton"
"859",1,"3","female",24,0,3,19.2583,"C","Mrs","small"
"860",0,"3","male",22,0,0,7.2292,"C","Mr","singleton"
"861",0,"3","male",41,2,0,14.1083,"S","Mr","small"
"862",0,"2","male",21,1,0,11.5,"S","Mr","small"
"863",1,"1","female",48,0,0,25.9292,"S","Mrs","singleton"
"864",0,"3","female",21,8,2,69.55,"S","Miss","large"
"865",0,"2","male",24,0,0,13,"S","Mr","singleton"
"866",1,"2","female",42,0,0,13,"S","Mrs","singleton"
"867",1,"2","female",27,1,0,13.8583,"C","Miss","small"
"868",0,"1","male",31,0,0,50.4958,"S","Mr","singleton"
"869",0,"3","male",30,0,0,9.5,"S","Mr","singleton"
"870",1,"3","male",4,1,1,11.1333,"S","Master","small"
"871",0,"3","male",26,0,0,7.8958,"S","Mr","singleton"
"872",1,"1","female",47,1,1,52.5542,"S","Mrs","small"
"873",0,"1","male",33,0,0,5,"S","Mr","singleton"
"874",0,"3","male",47,0,0,9,"S","Mr","singleton"
"875",1,"2","female",28,1,0,24,"C","Mrs","small"
"876",1,"3","female",15,0,0,7.225,"C","Miss","singleton"
"877",0,"3","male",20,0,0,9.8458,"S","Mr","singleton"
"878",0,"3","male",19,0,0,7.8958,"S","Mr","singleton"
"879",0,"3","male",19,0,0,7.8958,"S","Mr","singleton"
"880",1,"1","female",56,0,1,83.1583,"C","Mrs","small"
"881",1,"2","female",25,0,1,26,"S","Mrs","small"
"882",0,"3","male",33,0,0,7.8958,"S","Mr","singleton"
"883",0,"3","female",22,0,0,10.5167,"S","Miss","singleton"
"884",0,"2","male",28,0,0,10.5,"S","Mr","singleton"
"885",0,"3","male",25,0,0,7.05,"S","Mr","singleton"
"886",0,"3","female",39,0,5,29.125,"Q","Mrs","large"
"887",0,"2","male",27,0,0,13,"S","Rare Title","singleton"
"888",1,"1","female",19,0,0,30,"S","Miss","singleton"
"889",0,"3","female",4,1,2,23.45,"S","Miss","small"
"890",1,"1","male",26,0,0,30,"C","Mr","singleton"
"891",0,"3","male",32,0,0,7.75,"Q","Mr","singleton"
